name,surname,age
alex,petrov,34
pavel,freeman,45
pavel,freeman,45
pavel,freeman,45
pavel,freeman,45
pavel,freeman,45
pavel,freeman,45
pavel,freeman,45
pavel,freeman,45
pavel,freeman,45
pavel,freeman,45
pavel,freeman,45
pavel,freeman,45
pavel,freeman,45
pavel,freeman,45
pavel,freeman,45
pavel,freeman,45
pavel,freeman,45
pavel,freeman,45
pavel,freeman,45
pavel,freeman,45
pavel,freeman,45
pavel,freeman,45
pavel,freeman,45
pavel,freeman,45
pavel,freeman,45
pavel,freeman,45
pavel,freeman,45
pavel,freeman,45
pavel,freeman,45
pavel,freeman,45
pavel,freeman,45
pavel,freeman,45
pavel,freeman,45
pavel,freeman,45
pavel,freeman,45
pavel,freeman,45
pavel,freeman,45
pavel,freeman,45
pavel,freeman,45
pavel,freeman,45
pavel,freeman,45
pavel,freeman,45
pavel,freeman,45
pavel,freeman,45
pavel,freeman,45
pavel,freeman,45
pavel,freeman,45
pavel,freeman,45
pavel,freeman,45
pavel,freeman,45
pavel,freeman,45
pavel,freeman,45
pavel,freeman,45
pavel,freeman,45
pavel,freeman,45
pavel,freeman,45
pavel,freeman,45
pavel,freeman,45
pavel,freeman,45
pavel,freeman,45
pavel,freeman,45
pavel,freeman,45
pavel,freeman,45
pavel,freeman,45
pavel,freeman,45
pavel,freeman,45
pavel,freeman,45
pavel,freeman,45
pavel,freeman,45
pavel,freeman,45
pavel,freeman,45
pavel,freeman,45
pavel,freeman,45
pavel,freeman,45
pavel,freeman,45
pavel,freeman,45
pavel,freeman,45
pavel,freeman,45
pavel,freeman,45
pavel,freeman,45
pavel,freeman,45
pavel,freeman,45
pavel,freeman,45
pavel,freeman,45
pavel,freeman,45
pavel,freeman,45
pavel,freeman,45
pavel,freeman,45
pavel,freeman,45
pavel,freeman,45
pavel,freeman,45
pavel,freeman,45
pavel,freeman,45
pavel,freeman,45
pavel,freeman,45
pavel,freeman,45
pavel,freeman,45
pavel,freeman,45
pavel,freeman,45
pavel,freeman,45
pavel,freeman,45
pavel,freeman,45
pavel,freeman,45
pavel,freeman,45
pavel,freeman,45
pavel,freeman,45
pavel,freeman,45
pavel,freeman,45
pavel,freeman,45
pavel,freeman,45
pavel,freeman,45
pavel,freeman,45
pavel,freeman,45
pavel,freeman,45
pavel,freeman,45
pavel,freeman,45